dataset,rows,features,positive_rate
Credit Card Fraud,15492,30,0.031758326878388844
Bank Marketing,11162,16,0.4738398136534671
